{
	"format_version": "1.8.0",
	"animations": {
		"recoil": {
			"animation_length": 0.5,
			"bones": {
				"root": {
					"rotation": {
						"0.0": [0, 0, 0],
						"0.025": {
							"pre": [-2.49962, 0.04362, 0.99905],
							"post": [-2.49962, 0.04362, 0.99905],
							"lerp_mode": "catmullrom"
						},
						"0.05": {
							"post": [-12, 0, 0],
							"lerp_mode": "catmullrom"
						},
						"0.075": [-10.99837, -0.1908, -0.98163],
						"0.1167": [-1.00221, 0.01892, 1.00715],
						"0.1417": [2.99779, 0.01892, 1.00715],
						"0.1667": [1.8, 0.01892, 1.00715],
						"0.2": [-0.00221, 0.01892, 1.00715],
						"0.2833": [-1.2, -0.02436, -0.88364],
						"0.375": [0, 0, 0],
						"0.4417": [0, 0, 0.2],
						"0.5": [0, 0, 0]
					},
					"position": {
						"0.0": [0, 0, 0],
						"0.0167": [0, 0, 3],
						"0.0417": [0, -0.1, 4.2],
						"0.0667": [0, -0.3, 4.3],
						"0.1": [0, 0, 0.3],
						"0.1333": [0, 0.1, -1.3],
						"0.1667": [0, 0.2, -0.3],
						"0.2": [0, -0.2, 0.1],
						"0.3083": [0, -0.2, -0.2],
						"0.3917": [0, 0, 0],
						"0.4417": [0, 0.1, 0],
						"0.5": [0, 0, 0]
					}
				}
			}
		},
		"shoot": {
			"animation_length": 0.09,
			"bones": {
				"barrel": {
					"rotation": {
						"0.0": [0, 0, 0],
						"0.03": {
							"pre": [0, 0, 0],
							"post": [0, 0, 0],
							"lerp_mode": "catmullrom"
						},
						"0.09": [0, 0, 0]
					},
					"position": {
						"0.0": [0, 0, 0],
						"0.03": {
							"pre": [0, -0.3, 0.5],
							"post": [0, -0.3, 0.5],
							"lerp_mode": "catmullrom"
						},
						"0.05": {
							"post": [0, -0.3, 0.44],
							"lerp_mode": "catmullrom"
						},
						"0.09": [0, 0, 0]
					}
				},
				"slide": {
					"position": {
						"0.0": [0, 0, 0],
						"0.03": {
							"pre": [0, 0, 6],
							"post": [0, 0, 6],
							"lerp_mode": "catmullrom"
						},
						"0.05": {
							"post": [0, 0, 5.08],
							"lerp_mode": "catmullrom"
						},
						"0.09": [0, 0, 0]
					}
				}
			}
		}
	}
}