{
	"format_version": "1.8.0",
	"animations": {
		"reload": {
			"loop": "hold_on_last_frame",
			"animation_length": 2.9,
			"bones": {
				"barrel": {
					"position": {
						"0.0": [0, 0, 0],
						"0.16": [0, 0, -20],
						"2.38": [0, 0, -20],
						"2.46": {
							"pre": [0, 0, 0],
							"post": [0, 0, 0],
							"lerp_mode": "catmullrom"
						}
					}
				},
				"shell": {
					"rotation": {
						"0.76": [0, 0, 0],
						"0.82": [-11.75493, -4.16793, 1.40308],
						"0.92": [-50.20307, -8.61941, 6.15559],
						"1.06": [-83.53048, -14.8515, 12.8091],
						"1.77": [-83.53, -14.85, 12.81],
						"1.84": [0, 0, 0]
					},
					"position": {
						"0.0": [0, 0, 0],
						"0.11": [-0.00017, 0.01142, 1.99997],
						"0.7": [0, 0.01, 2],
						"0.76": {
							"pre": [0, -0.99, 9],
							"post": [0, -0.99, 9],
							"lerp_mode": "catmullrom"
						},
						"0.82": {
							"post": [-0.01834, -3.44819, 14.59363],
							"lerp_mode": "catmullrom"
						},
						"1.06": {
							"post": [-14.15204, -44.56801, 32.94731],
							"lerp_mode": "catmullrom"
						},
						"1.77": {
							"post": [-14.15, -44.57, 32.95],
							"lerp_mode": "catmullrom"
						},
						"1.84": {
							"post": [0, 0, 0],
							"lerp_mode": "catmullrom"
						}
					},
					"scale": {
						"1.11": [1, 1, 1],
						"1.19": [0, 0, 0],
						"1.89": [0, 0, 0],
						"1.96": [1, 1, 1]
					}
				},
				"grenade_reloading": {
					"position": {
						"1.05": [0, 0, 0],
						"1.11": {
							"pre": [-5.13637, -1.68312, 20.21852],
							"post": [-5.13637, -1.68312, 20.21852],
							"lerp_mode": "catmullrom"
						},
						"1.25": {
							"post": [-5.23182, -1.49695, 20.8749],
							"lerp_mode": "catmullrom"
						},
						"1.49": {
							"post": [6.36723, 43.97631, 10.36997],
							"lerp_mode": "catmullrom"
						},
						"1.65": {
							"post": [1.56405, 50.79633, 9.47115],
							"lerp_mode": "catmullrom"
						},
						"1.78": {
							"post": [-0.14, 50.5, 4.47],
							"lerp_mode": "catmullrom"
						},
						"1.86": {
							"post": [-0.14, 48, -8.53],
							"lerp_mode": "catmullrom"
						},
						"1.96": {
							"post": [0, 0, 0],
							"lerp_mode": "catmullrom"
						}
					},
					"scale": {
						"0.0": [0, 0, 0],
						"1.11": [0, 0, 0],
						"1.19": [1, 1, 1],
						"1.89": [1, 1, 1],
						"1.96": [0, 0, 0]
					}
				},
				"left_arm": {
					"rotation": {
						"0.0": [0, 0, 0],
						"0.16": {
							"pre": [-13.9093, -5.74915, -8.58928],
							"post": [-13.9093, -5.74915, -8.58928],
							"lerp_mode": "catmullrom"
						},
						"0.29": {
							"post": [-13.91, -5.75, -8.59],
							"lerp_mode": "catmullrom"
						},
						"0.56": {
							"post": [-33.47526, -21.73883, -24.59423],
							"lerp_mode": "catmullrom"
						},
						"0.7": {
							"post": [-33.48, -21.74, -24.59],
							"lerp_mode": "catmullrom"
						},
						"0.78": {
							"post": [-57.33105, -48.14322, -42.98874],
							"lerp_mode": "catmullrom"
						},
						"0.91": {
							"post": [-58.71789, -26.8237, -46.90797],
							"lerp_mode": "catmullrom"
						},
						"1.05": {
							"post": [-50.73145, -47.60046, -55.99712],
							"lerp_mode": "catmullrom"
						},
						"1.25": {
							"post": [-50.73145, -47.60046, -55.99712],
							"lerp_mode": "catmullrom"
						},
						"1.65": {
							"post": [-53.23, -47.6, -56],
							"lerp_mode": "catmullrom"
						},
						"1.78": {
							"post": [-50.73, -47.6, -56],
							"lerp_mode": "catmullrom"
						},
						"1.86": {
							"post": [-40.73, -47.6, -56],
							"lerp_mode": "catmullrom"
						},
						"2.04": {
							"post": [-40.73, -47.6, -56],
							"lerp_mode": "catmullrom"
						},
						"2.14": {
							"post": [-32.23743, -41.07603, -34.02745],
							"lerp_mode": "catmullrom"
						},
						"2.27": {
							"post": [-1.51184, 2.9339, 14.52484],
							"lerp_mode": "catmullrom"
						},
						"2.38": {
							"post": [-1.51, 2.93, 14.52],
							"lerp_mode": "catmullrom"
						},
						"2.46": {
							"post": [-12.14375, 16.98064, 4.83342],
							"lerp_mode": "catmullrom"
						},
						"2.61": {
							"post": [-12.14, 16.98, 4.83],
							"lerp_mode": "catmullrom"
						},
						"2.9": {
							"post": [0, 0, 0],
							"lerp_mode": "catmullrom"
						}
					},
					"position": {
						"0.0": [0, 0, 0],
						"0.16": {
							"pre": [-3.64902, -3.57523, -17.96948],
							"post": [-3.64902, -3.57523, -17.96948],
							"lerp_mode": "catmullrom"
						},
						"0.29": {
							"post": [-3.65, -3.58, -17.97],
							"lerp_mode": "catmullrom"
						},
						"0.42": {
							"post": [-0.11366, -16.37613, -15.70199],
							"lerp_mode": "catmullrom"
						},
						"0.56": {
							"post": [-13.94215, -11.62362, -16.37847],
							"lerp_mode": "catmullrom"
						},
						"0.7": {
							"post": [-13.94, -11.62, -16.38],
							"lerp_mode": "catmullrom"
						},
						"0.78": {
							"post": [-12.78308, -23.11761, -14.5048],
							"lerp_mode": "catmullrom"
						},
						"0.91": {
							"post": [-8.2726, -49.22663, -0.13357],
							"lerp_mode": "catmullrom"
						},
						"1.05": {
							"post": [-11.68909, -66.00303, 0.24789],
							"lerp_mode": "catmullrom"
						},
						"1.25": {
							"post": [-11.78452, -65.78426, 0.89786],
							"lerp_mode": "catmullrom"
						},
						"1.49": {
							"post": [-0.30277, -20.51369, -10.58003],
							"lerp_mode": "catmullrom"
						},
						"1.65": {
							"post": [-5.10595, -13.69367, -11.47885],
							"lerp_mode": "catmullrom"
						},
						"1.78": {
							"post": [-7.47267, -13.88159, -15.27224],
							"lerp_mode": "catmullrom"
						},
						"1.86": {
							"post": [-9.41764, -8.64984, -16.25791],
							"lerp_mode": "catmullrom"
						},
						"2.04": {
							"post": [-9.41764, -8.14984, -16.25791],
							"lerp_mode": "catmullrom"
						},
						"2.17": {
							"post": [-13.54744, -17.96931, -12.38704],
							"lerp_mode": "catmullrom"
						},
						"2.27": {
							"post": [-8.32286, -8.4829, -20.31728],
							"lerp_mode": "catmullrom"
						},
						"2.38": {
							"post": [-8.32, -8.48, -20.32],
							"lerp_mode": "catmullrom"
						},
						"2.46": {
							"post": [-6.74155, -12.64801, -11.14742],
							"lerp_mode": "catmullrom"
						},
						"2.61": {
							"post": [-6.74, -12.65, -11.15],
							"lerp_mode": "catmullrom"
						},
						"2.75": {
							"post": [-1.04007, -10.32155, -7.23421],
							"lerp_mode": "catmullrom"
						},
						"2.9": {
							"post": [0, 0, 0],
							"lerp_mode": "catmullrom"
						}
					}
				}
			}
		}
	}
}